state,year,births,deaths,natural_increase
Johor,2000,67183,12144,55039
Kedah,2000,41014,8982,32032
Kelantan,2000,40404,7620,32784
Kuala Lumpur,2000,29382,5492,23890
Labuan,2000,1495,167,1328
Malacca,2000,15304,3725,11579
Negeri Sembilan,2000,19243,4540,14703
Pahang,2000,29555,5507,24048
Penang,2000,27337,7037,20300
Perak,2000,48589,13194,35395
Perlis,2000,4651,1307,3344
Sabah,2000,49308,5203,44105
Sarawak,2000,47920,8513,39407
Selangor,2000,91635,12706,78929
Terengganu,2000,24833,4570,20263
Johor,2001,61432,12730,48702
Kedah,2001,38073,9197,28876
Kelantan,2001,38186,7797,30389
Kuala Lumpur,2001,27211,5746,21465
Labuan,2001,1486,159,1327
Malacca,2001,14317,3799,10518
Negeri Sembilan,2001,17670,4724,12946
Pahang,2001,27613,5741,21872
Penang,2001,24712,7162,17550
Perak,2001,43533,13577,29956
Perlis,2001,4340,1335,3005
Sabah,2001,48990,5437,43553
Sarawak,2001,46098,8893,37205
Selangor,2001,87758,13368,74390
Terengganu,2001,24060,4866,19194
Johor,2002,59699,13459,46240
Kedah,2002,36604,9925,26679
Kelantan,2002,37297,8330,28967
Kuala Lumpur,2002,25928,6058,19870
Labuan,2002,1466,200,1266
Malacca,2002,13810,3966,9844
Negeri Sembilan,2002,17647,5051,12596
Pahang,2002,26810,6297,20513
Penang,2002,24775,7703,17072
Perak,2002,42289,14345,27944
Perlis,2002,4225,1378,2847
Sabah,2002,46119,5864,40255
Sarawak,2002,44929,8818,36111
Selangor,2002,89735,13922,75813
Terengganu,2002,23205,5051,18154
Johor,2003,58230,13671,44559
Kedah,2003,35407,10311,25096
Kelantan,2003,35686,8614,27072
Kuala Lumpur,2003,25173,5888,19285
Labuan,2003,1584,220,1364
Malacca,2003,13898,3964,9934
Negeri Sembilan,2003,17272,5038,12234
Pahang,2003,26144,6291,19853
Penang,2003,23467,7781,15686
Perak,2003,39822,14561,25261
Perlis,2003,4058,1416,2642
Sabah,2003,44388,6061,38327
Sarawak,2003,44068,9287,34781
Selangor,2003,89933,14295,75638
Terengganu,2003,22269,5346,16923
Johor,2004,57339,13842,43497
Kedah,2004,35059,10095,24964
Kelantan,2004,35113,8547,26566
Kuala Lumpur,2004,24892,5750,19142
Labuan,2004,1513,212,1301
Malacca,2004,13548,4070,9478
Negeri Sembilan,2004,17085,5067,12018
Pahang,2004,25899,6275,19624
Penang,2004,22943,7813,15130
Perak,2004,39012,14401,24611
Perlis,2004,3964,1426,2538
Sabah,2004,46170,6328,39842
Sarawak,2004,43545,9506,34039
Selangor,2004,93176,14616,78560
Terengganu,2004,22542,5244,17298
Johor,2005,56524,14152,42372
Kedah,2005,34254,10280,23974
Kelantan,2005,34088,8834,25254
Kuala Lumpur,2005,23544,5635,17909
Labuan,2005,1509,209,1300
Malacca,2005,13341,4140,9201
Negeri Sembilan,2005,16838,5163,11675
Pahang,2005,25692,6499,19193
Penang,2005,22559,7869,14690
Perak,2005,37369,14348,23021
Perlis,2005,3932,1452,2480
Sabah,2005,47160,6563,40597
Sarawak,2005,43241,9553,33688
Selangor,2005,92456,15371,77085
Terengganu,2005,21966,5368,16598
Johor,2006,56737,14546,42191
Kedah,2006,33864,10698,23166
Kelantan,2006,33659,8940,24719
Kuala Lumpur,2006,24067,5791,18276
Labuan,2006,1587,208,1379
Malacca,2006,12946,4146,8800
Negeri Sembilan,2006,16622,5204,11418
Pahang,2006,24809,6670,18139
Penang,2006,22003,7918,14085
Perak,2006,36835,14429,22406
Perlis,2006,3891,1462,2429
Sabah,2006,46142,6702,39440
Sarawak,2006,42892,9962,32930
Selangor,2006,94737,15695,79042
Terengganu,2006,21907,5407,16500
Johor,2007,57780,15165,42615
Kedah,2007,33963,10847,23116
Kelantan,2007,33800,9186,24614
Kuala Lumpur,2007,24936,6015,18921
Labuan,2007,1581,204,1377
Malacca,2007,13444,4145,9299
Negeri Sembilan,2007,17195,5181,12014
Pahang,2007,24958,6742,18216
Penang,2007,22429,8316,14113
Perak,2007,36628,14913,21715
Perlis,2007,3946,1491,2455
Sabah,2007,47017,6979,40038
Sarawak,2007,42549,10020,32529
Selangor,2007,97055,15903,81152
Terengganu,2007,22366,5563,16803
Johor,2008,57838,15926,41912
Kedah,2008,35415,11071,24344
Kelantan,2008,34842,9694,25148
Kuala Lumpur,2008,25178,6164,19014
Labuan,2008,1680,243,1437
Malacca,2008,13619,4381,9238
Negeri Sembilan,2008,17351,5740,11611
Pahang,2008,25658,7100,18558
Penang,2008,22952,8471,14481
Perak,2008,37174,15395,21779
Perlis,2008,4175,1618,2557
Sabah,2008,50272,7394,42878
Sarawak,2008,43426,10478,32948
Selangor,2008,100284,17649,82635
Terengganu,2008,23339,5774,17565
Johor,2009,57849,15971,41878
Kedah,2009,36019,11618,24401
Kelantan,2009,35715,10114,25601
Kuala Lumpur,2009,25870,6470,19400
Labuan,2009,1656,247,1409
Malacca,2009,13456,4472,8984
Negeri Sembilan,2009,17360,5832,11528
Pahang,2009,26057,7428,18629
Penang,2009,22777,8699,14078
Perak,2009,37203,15741,21462
Perlis,2009,4237,1580,2657
Sabah,2009,52782,7565,45217
Sarawak,2009,43753,11240,32513
Selangor,2009,103023,18373,84650
Terengganu,2009,23887,5978,17909
Johor,2010,56064,16060,40004
Kedah,2010,35128,11674,23454
Kelantan,2010,36009,9798,26211
Kuala Lumpur,2010,24471,6465,18006
Labuan,2010,1631,243,1388
Malacca,2010,13010,4481,8529
Negeri Sembilan,2010,16939,5814,11125
Pahang,2010,25946,7722,18224
Penang,2010,21172,9063,12109
Perak,2010,36026,15440,20586
Perlis,2010,4114,1683,2431
Putrajaya,2010,2430,95,2335
Sabah,2010,54134,7622,46512
Sarawak,2010,41474,10396,31078
Selangor,2010,98429,18558,79871
Terengganu,2010,24262,5864,18398
Johor,2011,58167,16479,41688
Kedah,2011,35937,11869,24068
Kelantan,2011,37679,10024,27655
Kuala Lumpur,2011,25525,6927,18598
Labuan,2011,1734,218,1516
Malacca,2011,13976,4606,9370
Negeri Sembilan,2011,17670,5885,11785
Pahang,2011,27079,7812,19267
Penang,2011,22353,9107,13246
Perak,2011,37522,16012,21510
Perlis,2011,4161,1637,2524
Putrajaya,2011,2956,113,2843
Sabah,2011,54990,8095,46895
Sarawak,2011,43383,11118,32265
Selangor,2011,103686,19352,84334
Terengganu,2011,24776,6209,18567
Johor,2012,60444,17201,43243
Kedah,2012,36390,12268,24122
Kelantan,2012,37025,9890,27135
Kuala Lumpur,2012,26982,6996,19986
Labuan,2012,1773,242,1531
Malacca,2012,14278,4575,9703
Negeri Sembilan,2012,17903,5895,12008
Pahang,2012,27411,7791,19620
Penang,2012,23794,9133,14661
Perak,2012,37712,16395,21317
Perlis,2012,4143,1655,2488
Putrajaya,2012,3150,142,3008
Sabah,2012,58185,8066,50119
Sarawak,2012,43178,11246,31932
Selangor,2012,107946,21020,86926
Terengganu,2012,25698,6177,19521
Johor,2013,57402,17696,39706
Kedah,2013,35032,12516,22516
Kelantan,2013,36413,10042,26371
Kuala Lumpur,2013,25333,7183,18150
Labuan,2013,1743,245,1498
Malacca,2013,13692,4747,8945
Negeri Sembilan,2013,17509,6213,11296
Pahang,2013,26968,8146,18822
Penang,2013,21499,9538,11961
Perak,2013,35427,16386,19041
Perlis,2013,4050,1741,2309
Putrajaya,2013,2972,164,2808
Sabah,2013,56823,8253,48570
Sarawak,2013,40413,11231,29182
Selangor,2013,103173,21677,81496
Terengganu,2013,25465,6424,19041
Johor,2014,60443,17904,42539
Kedah,2014,36505,13017,23488
Kelantan,2014,39279,10588,28691
Kuala Lumpur,2014,27100,7647,19453
Labuan,2014,1871,274,1597
Malacca,2014,14568,4728,9840
Negeri Sembilan,2014,18676,6410,12266
Pahang,2014,28743,8301,20442
Penang,2014,22877,9678,13199
Perak,2014,36586,16925,19661
Perlis,2014,4509,1671,2838
Putrajaya,2014,3064,194,2870
Sabah,2014,57397,12188,45209
Sarawak,2014,41049,11686,29363
Selangor,2014,108932,22647,86285
Terengganu,2014,27013,6460,20553
Johor,2015,60543,18853,41690
Kedah,2015,36784,13674,23110
Kelantan,2015,39108,10789,28319
Kuala Lumpur,2015,25789,7608,18181
Labuan,2015,1953,246,1707
Malacca,2015,14554,4959,9595
Negeri Sembilan,2015,18423,6611,11812
Pahang,2015,28059,8471,19588
Penang,2015,22242,10226,12016
Perak,2015,36284,17159,19125
Perlis,2015,4315,1767,2548
Putrajaya,2015,2869,193,2676
Sabah,2015,54699,12511,42188
Sarawak,2015,39754,12200,27554
Selangor,2015,108131,23804,84327
Terengganu,2015,27629,6715,20914
Johor,2016,59561,19924,39637
Kedah,2016,35967,13771,22196
Kelantan,2016,38455,10809,27646
Kuala Lumpur,2016,25739,8077,17662
Labuan,2016,1752,277,1475
Malacca,2016,14402,5186,9216
Negeri Sembilan,2016,18036,6810,11226
Pahang,2016,27626,8878,18748
Penang,2016,21781,10729,11052
Perak,2016,35685,17820,17865
Perlis,2016,4392,1884,2508
Putrajaya,2016,2569,163,2406
Sabah,2016,52071,12834,39237
Sarawak,2016,37985,12608,25377
Selangor,2016,104661,25588,79073
Terengganu,2016,27521,6843,20678
Johor,2017,61085,20662,40423
Kedah,2017,36693,14332,22361
Kelantan,2017,39122,11203,27919
Kuala Lumpur,2017,24732,8205,16527
Labuan,2017,1685,247,1438
Malacca,2017,14389,5523,8866
Negeri Sembilan,2017,18078,7111,10967
Pahang,2017,27555,9261,18294
Penang,2017,21464,10727,10737
Perak,2017,34838,18047,16791
Perlis,2017,4447,2004,2443
Putrajaya,2017,2517,229,2288
Sabah,2017,52528,13719,38809
Sarawak,2017,37654,13117,24537
Selangor,2017,103987,26733,77254
Terengganu,2017,27911,7048,20863
Johor,2018,61084,21117,39967
Kedah,2018,35643,14552,21091
Kelantan,2018,38360,11316,27044
Kuala Lumpur,2018,24235,8485,15750
Labuan,2018,1691,287,1404
Malacca,2018,14388,5407,8981
Negeri Sembilan,2018,18177,7298,10879
Pahang,2018,27006,9246,17760
Penang,2018,20705,11209,9496
Perak,2018,33869,18600,15269
Perlis,2018,4371,2042,2329
Putrajaya,2018,2400,218,2182
Sabah,2018,53025,13940,39085
Sarawak,2018,36624,13828,22796
Selangor,2018,102125,27387,74738
Terengganu,2018,28242,7099,21143
Johor,2019,60261,21799,38462
Kedah,2019,34511,14302,20209
Kelantan,2019,36858,11410,25448
Kuala Lumpur,2019,23921,8845,15076
Labuan,2019,1678,298,1380
Malacca,2019,14136,5547,8589
Negeri Sembilan,2019,17464,7168,10296
Pahang,2019,25887,9179,16708
Penang,2019,20200,10896,9304
Perak,2019,33005,18740,14265
Perlis,2019,4060,1996,2064
Putrajaya,2019,2316,209,2107
Sabah,2019,52973,14713,38260
Sarawak,2019,36672,14025,22647
Selangor,2019,98836,27786,71050
Terengganu,2019,27085,7341,19744
Johor,2020,56908,20680,36228
Kedah,2020,33828,13674,20154
Kelantan,2020,36275,10939,25336
Kuala Lumpur,2020,23199,8369,14830
Labuan,2020,1714,319,1395
Malacca,2020,13855,5452,8403
Negeri Sembilan,2020,17120,7026,10094
Pahang,2020,25344,8695,16649
Penang,2020,19645,10717,8928
Perak,2020,31582,17959,13623
Perlis,2020,4101,1950,2151
Putrajaya,2020,2143,214,1929
Sabah,2020,49587,14882,34705
Sarawak,2020,35449,14124,21325
Selangor,2020,93577,25443,68134
Terengganu,2020,27177,6738,20439
Johor,2021,49990,27002,22988
Kedah,2021,33040,18470,14570
Kelantan,2021,34764,13927,20837
Kuala Lumpur,2021,21046,13382,7664
Labuan,2021,1522,518,1004
Malacca,2021,13192,7094,6098
Negeri Sembilan,2021,16777,9179,7598
Pahang,2021,24507,10382,14125
Penang,2021,18571,14010,4561
Perak,2021,30816,21340,9476
Perlis,2021,4076,2234,1842
Putrajaya,2021,2106,266,1840
Sabah,2021,41608,18884,22724
Sarawak,2021,31274,17608,13666
Selangor,2021,90118,42165,47953
Terengganu,2021,26337,8470,17867
Johor,2022,48254,25342,22912
Kedah,2022,30796,17637,13159
Kelantan,2022,33808,13445,20363
Kuala Lumpur,2022,19853,9998,9855
Labuan,2022,1374,393,981
Malacca,2022,13105,6635,6470
Negeri Sembilan,2022,15991,8645,7346
Pahang,2022,23568,11031,12537
Penang,2022,17731,12937,4794
Perak,2022,29543,22358,7185
Perlis,2022,3746,2422,1324
Putrajaya,2022,1839,253,1586
Sabah,2022,43617,17414,26203
Sarawak,2022,30937,16633,14304
Selangor,2022,83658,32951,50707
Terengganu,2022,25304,8686,16618
Johor,2023,56156,24705,31451
Kedah,2023,33811,16643,17168
Kelantan,2023,35705,11839,23866
Kuala Lumpur,2023,21442,9646,11796
Labuan,2023,1409,333,1076
Malacca,2023,13583,6190,7393
Negeri Sembilan,2023,16570,8232,8338
Pahang,2023,24162,10508,13654
Penang,2023,19579,12304,7275
Perak,2023,30759,20839,9920
Perlis,2023,3878,2171,1707
Putrajaya,2023,1713,284,1429
Sabah,2023,46412,16610,29802
Sarawak,2023,33920,16158,17762
Selangor,2023,90535,32646,57889
Terengganu,2023,26127,7857,18270
