year,age_group,ethnicity,population
2000,0-4,bumi_malay,1579.5
2000,0-4,bumi_other,338.9
2000,0-4,chinese,546.7
2000,0-4,indian,185.7
2000,0-4,other_citizen,46.5
2000,0-4,other_noncitizen,136.1
2000,5-9,bumi_malay,1495.6
2000,5-9,bumi_other,335.4
2000,5-9,chinese,513.6
2000,5-9,indian,171.9
2000,5-9,other_citizen,40.5
2000,5-9,other_noncitizen,89.1
2000,10-14,bumi_malay,1413.4
2000,10-14,bumi_other,313.3
2000,10-14,chinese,519.7
2000,10-14,indian,173.3
2000,10-14,other_citizen,34.2
2000,10-14,other_noncitizen,69.6
2000,15-19,bumi_malay,1259.4
2000,15-19,bumi_other,283.3
2000,15-19,chinese,503
2000,15-19,indian,165.7
2000,15-19,other_citizen,28.4
2000,15-19,other_noncitizen,95.8
2000,20-24,bumi_malay,988.8
2000,20-24,bumi_other,232.1
2000,20-24,chinese,470.2
2000,20-24,indian,153
2000,20-24,other_citizen,21.3
2000,20-24,other_noncitizen,223
2000,25-29,bumi_malay,854.4
2000,25-29,bumi_other,202.5
2000,25-29,chinese,456.3
2000,25-29,indian,144.5
2000,25-29,other_citizen,17.7
2000,25-29,other_noncitizen,244.1
2000,30-34,bumi_malay,837.4
2000,30-34,bumi_other,192.2
2000,30-34,chinese,463.1
2000,30-34,indian,139.9
2000,30-34,other_citizen,18.1
2000,30-34,other_noncitizen,186.4
2000,35-39,bumi_malay,760.2
2000,35-39,bumi_other,167.2
2000,35-39,chinese,448.4
2000,35-39,indian,130.8
2000,35-39,other_citizen,16.4
2000,35-39,other_noncitizen,145.2
2000,40-44,bumi_malay,669.1
2000,40-44,bumi_other,131.2
2000,40-44,chinese,428.4
2000,40-44,indian,121.5
2000,40-44,other_citizen,14.6
2000,40-44,other_noncitizen,86.2
2000,45-49,bumi_malay,556.6
2000,45-49,bumi_other,103.2
2000,45-49,chinese,380.8
2000,45-49,indian,101.9
2000,45-49,other_citizen,11.9
2000,45-49,other_noncitizen,50.7
2000,50-54,bumi_malay,399.8
2000,50-54,bumi_other,76.7
2000,50-54,chinese,296.1
2000,50-54,indian,67
2000,50-54,other_citizen,7.5
2000,50-54,other_noncitizen,30.6
2000,55-59,bumi_malay,297.8
2000,55-59,bumi_other,57.5
2000,55-59,chinese,234.5
2000,55-59,indian,46.9
2000,55-59,other_citizen,5.2
2000,55-59,other_noncitizen,16.1
2000,60-64,bumi_malay,236.1
2000,60-64,bumi_other,46.9
2000,60-64,chinese,182.9
2000,60-64,indian,36.6
2000,60-64,other_citizen,4.2
2000,60-64,other_noncitizen,12.7
2000,65-69,bumi_malay,173.4
2000,65-69,bumi_other,34.8
2000,65-69,chinese,133.4
2000,65-69,indian,25.4
2000,65-69,other_citizen,3
2000,65-69,other_noncitizen,8.3
2000,70-74,bumi_malay,128
2000,70-74,bumi_other,23.3
2000,70-74,chinese,87.6
2000,70-74,indian,15.9
2000,70-74,other_citizen,2.3
2000,70-74,other_noncitizen,7
2000,75-79,bumi_malay,67.6
2000,75-79,bumi_other,13.4
2000,75-79,chinese,46.9
2000,75-79,indian,8.7
2000,75-79,other_citizen,1.3
2000,75-79,other_noncitizen,4.7
2000,80-84,bumi_malay,42.6
2000,80-84,bumi_other,6.7
2000,80-84,chinese,29.2
2000,80-84,indian,4.5
2000,80-84,other_citizen,0.9
2000,80-84,other_noncitizen,3.9
2000,85+,bumi_malay,26.4
2000,85+,bumi_other,4.7
2000,85+,chinese,21
2000,85+,indian,2.8
2000,85+,other_citizen,0.6
2000,85+,other_noncitizen,3.4
2005,0-4,bumi_malay,1463.8
2005,0-4,bumi_other,340.8
2005,0-4,chinese,485.4
2005,0-4,indian,166.2
2005,0-4,other_citizen,39.6
2005,0-4,other_noncitizen,59.9
2005,5-9,bumi_malay,1539.3
2005,5-9,bumi_other,355.1
2005,5-9,chinese,534.6
2005,5-9,indian,181.3
2005,5-9,other_citizen,39.8
2005,5-9,other_noncitizen,91.5
2005,10-14,bumi_malay,1499.8
2005,10-14,bumi_other,354.7
2005,10-14,chinese,531.9
2005,10-14,indian,176.5
2005,10-14,other_citizen,36.1
2005,10-14,other_noncitizen,143
2005,15-19,bumi_malay,1404.7
2005,15-19,bumi_other,320.8
2005,15-19,chinese,527.9
2005,15-19,indian,179.3
2005,15-19,other_citizen,31.9
2005,15-19,other_noncitizen,254.5
2005,20-24,bumi_malay,1256.9
2005,20-24,bumi_other,289.3
2005,20-24,chinese,517.3
2005,20-24,indian,171.8
2005,20-24,other_citizen,26.1
2005,20-24,other_noncitizen,300.3
2005,25-29,bumi_malay,981.2
2005,25-29,bumi_other,227.6
2005,25-29,chinese,476.9
2005,25-29,indian,151.3
2005,25-29,other_citizen,18.1
2005,25-29,other_noncitizen,280.1
2005,30-34,bumi_malay,868.3
2005,30-34,bumi_other,205.5
2005,30-34,chinese,462.6
2005,30-34,indian,139.6
2005,30-34,other_citizen,15.2
2005,30-34,other_noncitizen,247
2005,35-39,bumi_malay,832.9
2005,35-39,bumi_other,192.4
2005,35-39,chinese,463.5
2005,35-39,indian,135.1
2005,35-39,other_citizen,15.2
2005,35-39,other_noncitizen,176.8
2005,40-44,bumi_malay,763.2
2005,40-44,bumi_other,168.4
2005,40-44,chinese,445.1
2005,40-44,indian,129.2
2005,40-44,other_citizen,13.9
2005,40-44,other_noncitizen,124.6
2005,45-49,bumi_malay,664.5
2005,45-49,bumi_other,133.2
2005,45-49,chinese,413.6
2005,45-49,indian,116.8
2005,45-49,other_citizen,12.4
2005,45-49,other_noncitizen,75.6
2005,50-54,bumi_malay,538.6
2005,50-54,bumi_other,99
2005,50-54,chinese,357.8
2005,50-54,indian,93.2
2005,50-54,other_citizen,9.7
2005,50-54,other_noncitizen,43.8
2005,55-59,bumi_malay,396.2
2005,55-59,bumi_other,73.4
2005,55-59,chinese,289.3
2005,55-59,indian,65
2005,55-59,other_citizen,6.2
2005,55-59,other_noncitizen,27.6
2005,60-64,bumi_malay,274.6
2005,60-64,bumi_other,56.2
2005,60-64,chinese,214.1
2005,60-64,indian,40.2
2005,60-64,other_citizen,4.4
2005,60-64,other_noncitizen,15.8
2005,65-69,bumi_malay,216.7
2005,65-69,bumi_other,41.9
2005,65-69,chinese,167.7
2005,65-69,indian,31.2
2005,65-69,other_citizen,3.3
2005,65-69,other_noncitizen,11.5
2005,70-74,bumi_malay,141
2005,70-74,bumi_other,30.1
2005,70-74,chinese,109.5
2005,70-74,indian,20.6
2005,70-74,other_citizen,2.2
2005,70-74,other_noncitizen,7.5
2005,75-79,bumi_malay,97.9
2005,75-79,bumi_other,18.7
2005,75-79,chinese,69.2
2005,75-79,indian,11.9
2005,75-79,other_citizen,1.7
2005,75-79,other_noncitizen,6
2005,80-84,bumi_malay,45.3
2005,80-84,bumi_other,9.3
2005,80-84,chinese,32.6
2005,80-84,indian,5.7
2005,80-84,other_citizen,0.9
2005,80-84,other_noncitizen,4
2005,85+,bumi_malay,39.3
2005,85+,bumi_other,6.3
2005,85+,chinese,28.5
2005,85+,indian,4.3
2005,85+,other_citizen,0.8
2005,85+,other_noncitizen,4.3
2010,0-4,bumi_malay,1460.2
2010,0-4,bumi_other,376.1
2010,0-4,chinese,432.8
2010,0-4,indian,149.2
2010,0-4,other_citizen,36.3
2010,0-4,other_noncitizen,54.1
2010,5-9,bumi_malay,1526
2010,5-9,bumi_other,383.9
2010,5-9,chinese,495.9
2010,5-9,indian,169.5
2010,5-9,other_citizen,30.8
2010,5-9,other_noncitizen,53.3
2010,10-14,bumi_malay,1508
2010,10-14,bumi_other,371.7
2010,10-14,chinese,522.8
2010,10-14,indian,177.2
2010,10-14,other_citizen,27.2
2010,10-14,other_noncitizen,47.1
2010,15-19,bumi_malay,1509.2
2010,15-19,bumi_other,374
2010,15-19,chinese,549.9
2010,15-19,indian,181
2010,15-19,other_citizen,26
2010,15-19,other_noncitizen,197.3
2010,20-24,bumi_malay,1399.5
2010,20-24,bumi_other,328
2010,20-24,chinese,535.8
2010,20-24,indian,184.7
2010,20-24,other_citizen,24
2010,20-24,other_noncitizen,439.9
2010,25-29,bumi_malay,1259.3
2010,25-29,bumi_other,295.2
2010,25-29,chinese,531.8
2010,25-29,indian,178.1
2010,25-29,other_citizen,19.6
2010,25-29,other_noncitizen,505.5
2010,30-34,bumi_malay,975.6
2010,30-34,bumi_other,222.9
2010,30-34,chinese,483.6
2010,30-34,indian,149.4
2010,30-34,other_citizen,12.5
2010,30-34,other_noncitizen,337.7
2010,35-39,bumi_malay,883.2
2010,35-39,bumi_other,208
2010,35-39,chinese,468.4
2010,35-39,indian,134.5
2010,35-39,other_citizen,10.4
2010,35-39,other_noncitizen,250.3
2010,40-44,bumi_malay,829
2010,40-44,bumi_other,191.9
2010,40-44,chinese,463
2010,40-44,indian,129.7
2010,40-44,other_citizen,10.2
2010,40-44,other_noncitizen,167.6
2010,45-49,bumi_malay,765.1
2010,45-49,bumi_other,168.7
2010,45-49,chinese,440.2
2010,45-49,indian,126.7
2010,45-49,other_citizen,9.4
2010,45-49,other_noncitizen,104
2010,50-54,bumi_malay,655.9
2010,50-54,bumi_other,134.3
2010,50-54,chinese,396.5
2010,50-54,indian,110.8
2010,50-54,other_citizen,8.4
2010,50-54,other_noncitizen,64.8
2010,55-59,bumi_malay,514.2
2010,55-59,bumi_other,93.7
2010,55-59,chinese,331.7
2010,55-59,indian,83.5
2010,55-59,other_citizen,6.1
2010,55-59,other_noncitizen,36.8
2010,60-64,bumi_malay,385.4
2010,60-64,bumi_other,69.2
2010,60-64,chinese,278.6
2010,60-64,indian,62.1
2010,60-64,other_citizen,3.8
2010,60-64,other_noncitizen,24.4
2010,65-69,bumi_malay,243.9
2010,65-69,bumi_other,53.3
2010,65-69,chinese,189.9
2010,65-69,indian,33.1
2010,65-69,other_citizen,2.8
2010,65-69,other_noncitizen,15
2010,70-74,bumi_malay,189.1
2010,70-74,bumi_other,35.6
2010,70-74,chinese,147.4
2010,70-74,indian,25.3
2010,70-74,other_citizen,1.9
2010,70-74,other_noncitizen,10
2010,75-79,bumi_malay,103.4
2010,75-79,bumi_other,24.6
2010,75-79,chinese,81.9
2010,75-79,indian,15.8
2010,75-79,other_citizen,1.3
2010,75-79,other_noncitizen,6.4
2010,80-84,bumi_malay,67.8
2010,80-84,bumi_other,14
2010,80-84,chinese,48.7
2010,80-84,indian,8.2
2010,80-84,other_citizen,0.8
2010,80-84,other_noncitizen,4.8
2010,85+,bumi_malay,47
2010,85+,bumi_other,9.3
2010,85+,chinese,31.5
2010,85+,indian,6
2010,85+,other_citizen,0.6
2010,85+,other_noncitizen,5.6
2015,0-4,bumi_malay,1576
2015,0-4,bumi_other,330.6
2015,0-4,chinese,378.1
2015,0-4,indian,125.7
2015,0-4,other_citizen,44.2
2015,0-4,other_noncitizen,147
2015,5-9,bumi_malay,1458.9
2015,5-9,bumi_other,376.5
2015,5-9,chinese,432.1
2015,5-9,indian,150.8
2015,5-9,other_citizen,35.8
2015,5-9,other_noncitizen,64.3
2015,10-14,bumi_malay,1522.6
2015,10-14,bumi_other,384.5
2015,10-14,chinese,494.3
2015,10-14,indian,168.5
2015,10-14,other_citizen,30.2
2015,10-14,other_noncitizen,55.7
2015,15-19,bumi_malay,1499.8
2015,15-19,bumi_other,373.1
2015,15-19,chinese,519.2
2015,15-19,indian,174.8
2015,15-19,other_citizen,27.9
2015,15-19,other_noncitizen,251.8
2015,20-24,bumi_malay,1511.1
2015,20-24,bumi_other,373.4
2015,20-24,chinese,548.2
2015,20-24,indian,178.6
2015,20-24,other_citizen,26
2015,20-24,other_noncitizen,588.2
2015,25-29,bumi_malay,1403.4
2015,25-29,bumi_other,326.6
2015,25-29,chinese,535
2015,25-29,indian,180.7
2015,25-29,other_citizen,23.7
2015,25-29,other_noncitizen,666.7
2015,30-34,bumi_malay,1254.4
2015,30-34,bumi_other,297.3
2015,30-34,chinese,533.7
2015,30-34,indian,175.6
2015,30-34,other_citizen,19.3
2015,30-34,other_noncitizen,451.1
2015,35-39,bumi_malay,966.2
2015,35-39,bumi_other,222.3
2015,35-39,chinese,479.8
2015,35-39,indian,147.3
2015,35-39,other_citizen,13.1
2015,35-39,other_noncitizen,329.4
2015,40-44,bumi_malay,870.2
2015,40-44,bumi_other,206.6
2015,40-44,chinese,462.6
2015,40-44,indian,132.3
2015,40-44,other_citizen,10.5
2015,40-44,other_noncitizen,216.5
2015,45-49,bumi_malay,812.1
2015,45-49,bumi_other,189.1
2015,45-49,chinese,456.3
2015,45-49,indian,126.8
2015,45-49,other_citizen,10.1
2015,45-49,other_noncitizen,133.6
2015,50-54,bumi_malay,745.1
2015,50-54,bumi_other,165.6
2015,50-54,chinese,432.3
2015,50-54,indian,121.7
2015,50-54,other_citizen,9.2
2015,50-54,other_noncitizen,86.4
2015,55-59,bumi_malay,626.5
2015,55-59,bumi_other,129.8
2015,55-59,chinese,384.2
2015,55-59,indian,103.7
2015,55-59,other_citizen,8
2015,55-59,other_noncitizen,51.9
2015,60-64,bumi_malay,480.2
2015,60-64,bumi_other,88.8
2015,60-64,chinese,316.4
2015,60-64,indian,77.1
2015,60-64,other_citizen,5.6
2015,60-64,other_noncitizen,32.3
2015,65-69,bumi_malay,346.9
2015,65-69,bumi_other,63.2
2015,65-69,chinese,259.7
2015,65-69,indian,55.2
2015,65-69,other_citizen,3.5
2015,65-69,other_noncitizen,20
2015,70-74,bumi_malay,204.3
2015,70-74,bumi_other,46.4
2015,70-74,chinese,168.6
2015,70-74,indian,28.5
2015,70-74,other_citizen,2.3
2015,70-74,other_noncitizen,10.8
2015,75-79,bumi_malay,141.8
2015,75-79,bumi_other,28.1
2015,75-79,chinese,121.1
2015,75-79,indian,19.6
2015,75-79,other_citizen,1.3
2015,75-79,other_noncitizen,7.5
2015,80-84,bumi_malay,67.1
2015,80-84,bumi_other,17.2
2015,80-84,chinese,56.9
2015,80-84,indian,10.9
2015,80-84,other_citizen,0.7
2015,80-84,other_noncitizen,5.3
2015,85+,bumi_malay,62.2
2015,85+,bumi_other,15
2015,85+,chinese,40.3
2015,85+,indian,8.4
2015,85+,other_citizen,0.6
2015,85+,other_noncitizen,7.4
2020,0-4,bumi_malay,1477.8
2020,0-4,bumi_other,297.8
2020,0-4,chinese,412.3
2020,0-4,indian,124.9
2020,0-4,other_citizen,16.6
2020,0-4,other_noncitizen,190
2020,5-9,bumi_malay,1508.2
2020,5-9,bumi_other,300.6
2020,5-9,chinese,512.3
2020,5-9,indian,152.3
2020,5-9,other_citizen,17.9
2020,5-9,other_noncitizen,149.9
2020,10-14,bumi_malay,1412.8
2020,10-14,bumi_other,379.6
2020,10-14,chinese,564.4
2020,10-14,indian,169.1
2020,10-14,other_citizen,13.7
2020,10-14,other_noncitizen,71.6
2020,15-19,bumi_malay,1640.8
2020,15-19,bumi_other,355.6
2020,15-19,chinese,513.7
2020,15-19,indian,167
2020,15-19,other_citizen,20.5
2020,15-19,other_noncitizen,141.9
2020,20-24,bumi_malay,1485.9
2020,20-24,bumi_other,339.7
2020,20-24,chinese,485
2020,20-24,indian,159.3
2020,20-24,other_citizen,20.1
2020,20-24,other_noncitizen,376.9
2020,25-29,bumi_malay,1383
2020,25-29,bumi_other,346.4
2020,25-29,chinese,488.5
2020,25-29,indian,160.2
2020,25-29,other_citizen,21.3
2020,25-29,other_noncitizen,492.2
2020,30-34,bumi_malay,1458
2020,30-34,bumi_other,320.2
2020,30-34,chinese,529.2
2020,30-34,indian,169.1
2020,30-34,other_citizen,23.5
2020,30-34,other_noncitizen,407.2
2020,35-39,bumi_malay,1373.2
2020,35-39,bumi_other,299.2
2020,35-39,chinese,578.3
2020,35-39,indian,175
2020,35-39,other_citizen,19.3
2020,35-39,other_noncitizen,297.5
2020,40-44,bumi_malay,1085.5
2020,40-44,bumi_other,223.6
2020,40-44,chinese,524.6
2020,40-44,indian,149.8
2020,40-44,other_citizen,14.2
2020,40-44,other_noncitizen,197.1
2020,45-49,bumi_malay,908.1
2020,45-49,bumi_other,199.6
2020,45-49,chinese,481.9
2020,45-49,indian,126.6
2020,45-49,other_citizen,11
2020,45-49,other_noncitizen,116.7
2020,50-54,bumi_malay,789.3
2020,50-54,bumi_other,176.8
2020,50-54,chinese,435.9
2020,50-54,indian,111.8
2020,50-54,other_citizen,9.1
2020,50-54,other_noncitizen,63.1
2020,55-59,bumi_malay,737.3
2020,55-59,bumi_other,151.9
2020,55-59,chinese,417
2020,55-59,indian,108.1
2020,55-59,other_citizen,7.9
2020,55-59,other_noncitizen,37.6
2020,60-64,bumi_malay,573
2020,60-64,bumi_other,116.7
2020,60-64,chinese,347
2020,60-64,indian,84.9
2020,60-64,other_citizen,6.2
2020,60-64,other_noncitizen,24.3
2020,65-69,bumi_malay,469.2
2020,65-69,bumi_other,95.3
2020,65-69,chinese,231.7
2020,65-69,indian,61.8
2020,65-69,other_citizen,6.5
2020,65-69,other_noncitizen,52.9
2020,70-74,bumi_malay,306.4
2020,70-74,bumi_other,58.4
2020,70-74,chinese,174.2
2020,70-74,indian,40.6
2020,70-74,other_citizen,4
2020,70-74,other_noncitizen,28
2020,75-79,bumi_malay,155.6
2020,75-79,bumi_other,37.4
2020,75-79,chinese,100.1
2020,75-79,indian,18.8
2020,75-79,other_citizen,2
2020,75-79,other_noncitizen,15.4
2020,80-84,bumi_malay,87.7
2020,80-84,bumi_other,20.1
2020,80-84,chinese,62.6
2020,80-84,indian,11.2
2020,80-84,other_citizen,0.9
2020,80-84,other_noncitizen,12.2
2020,85+,bumi_malay,61.2
2020,85+,bumi_other,17.6
2020,85+,chinese,33.8
2020,85+,indian,8.3
2020,85+,other_citizen,1
2020,85+,other_noncitizen,16.5
2025,0-4,bumi_malay,1459.2
2025,0-4,bumi_other,266.8
2025,0-4,chinese,218.9
2025,0-4,indian,91.7
2025,0-4,other_citizen,28
2025,0-4,other_noncitizen,242.2
2025,5-9,bumi_malay,1485.5
2025,5-9,bumi_other,286.5
2025,5-9,chinese,412.5
2025,5-9,indian,124.7
2025,5-9,other_citizen,16.7
2025,5-9,other_noncitizen,190.5
2025,10-14,bumi_malay,1518.4
2025,10-14,bumi_other,288.2
2025,10-14,chinese,512.2
2025,10-14,indian,152.1
2025,10-14,other_citizen,17.7
2025,10-14,other_noncitizen,90.7
2025,15-19,bumi_malay,1419.8
2025,15-19,bumi_other,362.6
2025,15-19,chinese,561.5
2025,15-19,indian,168.1
2025,15-19,other_citizen,13.5
2025,15-19,other_noncitizen,179.7
2025,20-24,bumi_malay,1645.9
2025,20-24,bumi_other,339.4
2025,20-24,chinese,512.6
2025,20-24,indian,165.3
2025,20-24,other_citizen,19.8
2025,20-24,other_noncitizen,472.5
2025,25-29,bumi_malay,1487.1
2025,25-29,bumi_other,324.4
2025,25-29,chinese,482.4
2025,25-29,indian,157.3
2025,25-29,other_citizen,19.2
2025,25-29,other_noncitizen,616.2
2025,30-34,bumi_malay,1383.1
2025,30-34,bumi_other,332.6
2025,30-34,chinese,485.8
2025,30-34,indian,158.2
2025,30-34,other_citizen,20.6
2025,30-34,other_noncitizen,509.3
2025,35-39,bumi_malay,1455.4
2025,35-39,bumi_other,307.1
2025,35-39,chinese,525.8
2025,35-39,indian,166.7
2025,35-39,other_citizen,22.6
2025,35-39,other_noncitizen,371.9
2025,40-44,bumi_malay,1365.4
2025,40-44,bumi_other,285.2
2025,40-44,chinese,573.1
2025,40-44,indian,171.6
2025,40-44,other_citizen,18.7
2025,40-44,other_noncitizen,246.6
2025,45-49,bumi_malay,1070.4
2025,45-49,bumi_other,212.9
2025,45-49,chinese,516.1
2025,45-49,indian,145.4
2025,45-49,other_citizen,13.7
2025,45-49,other_noncitizen,146.1
2025,50-54,bumi_malay,886.4
2025,50-54,bumi_other,189
2025,50-54,chinese,472.4
2025,50-54,indian,121.4
2025,50-54,other_citizen,10.6
2025,50-54,other_noncitizen,79.4
2025,55-59,bumi_malay,756.8
2025,55-59,bumi_other,165.4
2025,55-59,chinese,422.8
2025,55-59,indian,105
2025,55-59,other_citizen,8.6
2025,55-59,other_noncitizen,47.3
2025,60-64,bumi_malay,691.4
2025,60-64,bumi_other,139.7
2025,60-64,chinese,398.6
2025,60-64,indian,99
2025,60-64,other_citizen,7.1
2025,60-64,other_noncitizen,30.5
2025,65-69,bumi_malay,516.7
2025,65-69,bumi_other,104
2025,65-69,chinese,322.9
2025,65-69,indian,74.3
2025,65-69,other_citizen,5.4
2025,65-69,other_noncitizen,67
2025,70-74,bumi_malay,409.1
2025,70-74,bumi_other,82.8
2025,70-74,chinese,201.8
2025,70-74,indian,51.6
2025,70-74,other_citizen,5.7
2025,70-74,other_noncitizen,35.3
2025,75-79,bumi_malay,247
2025,75-79,bumi_other,46.5
2025,75-79,chinese,138.4
2025,75-79,indian,31.5
2025,75-79,other_citizen,3.5
2025,75-79,other_noncitizen,19.3
2025,80-84,bumi_malay,107.8
2025,80-84,bumi_other,26
2025,80-84,chinese,64.6
2025,80-84,indian,13.5
2025,80-84,other_citizen,1.8
2025,80-84,other_noncitizen,15.3
2025,85+,bumi_malay,75.8
2025,85+,bumi_other,20.6
2025,85+,chinese,27.3
2025,85+,indian,8.8
2025,85+,other_citizen,1.2
2025,85+,other_noncitizen,20.8
